species,common_name,family,gear_class,gear_type,fishery_type,target_fishery_species,target_fishery_common,flagstate,ocean,ocean_region,location,habitat,fate_type,fate_proportion,units,sample_size,methods,start_year,end_year,time_scale,reference,notes,reviewer
Galeus melastomus,blackmouth catshark,Pentanchidae,longline,,,,,,Atlantic,NE,Portugal,deep-sea,discard_unknown,0.533,count,737,researcher,1997,1998,annual,Coelho et al 2005,no mention of rfmo,LF
Galeus melastomus,blackmouth catshark,Pentanchidae,longline,,,,,,Atlantic,NE,Portugal,deep-sea,retained_unknown,0.467,count,646,researcher,1997,1998,annual,Coelho et al 2005,no mention of rfmo,LF
Etmopterus pusillus,smooth lanternshark,Etmopteridae,longline,,,,,,Atlantic,NE,Portugal,deep-sea,discard_unknown,1,count,474,researcher,1997,1998,annual,Coelho et al 2005,no mention of rfmo,LF
Scyliorhinus canicula,small spotted catshark,Scyliorhinidae,longline,,,,,,Atlantic,NE,Portugal,deep-sea,discard_unknown,0.897,count,278,researcher,1997,1998,annual,Coelho et al 2005,no mention of rfmo,LF
Scyliorhinus canicula,small spotted catshark,Scyliorhinidae,longline,,,,,,Atlantic,NE,Portugal,deep-sea,retained_unknown,0.103,count,32,researcher,1997,1998,annual,Coelho et al 2005,no mention of rfmo,LF
Prionace glauca,blue shark,Carcharhinidae,longline,,,,,,Atlantic,NE,Portugal,deep-sea,retained_unknown,1,count,6,researcher,1997,1998,annual,Coelho et al 2005,no mention of rfmo,LF
Raja spp,skate,Rajidae,longline,,,,,,Atlantic,NE,Portugal,deep-sea,discard_unknown,1,count,4,researcher,1997,1998,annual,Coelho et al 2005,no mention of rfmo,LF
Mustelus mustelus,smoothhound shark,Triakidae,longline,,,,,,Atlantic,NE,Portugal,deep-sea,discard_unknown,1,count,2,researcher,1997,1998,annual,Coelho et al 2005,no mention of rfmo,LF
Raja clavata,thornback ray,Rajidae,longline,,,,,,Atlantic,NE,Portugal,deep-sea,discard_unknown,1,count,2,researcher,1997,1998,annual,Coelho et al 2005,no mention of rfmo,LF
Raja undulata,undulate ray,Rajidae,gillnet,trammel net,,,,,Atlantic,NE,Portugal,deep-sea,discard_unknown,0.023,count,6,researcher,2000,2000,sporadic,Coelho et al 2005,no mention of rfmo,LF
Raja undulata,undulate ray,Rajidae,gillnet,trammel net,,,,,Atlantic,NE,Portugal,deep-sea,retained_unknown,0.977,count,254,researcher,2000,2000,sporadic,Coelho et al 2005,no mention of rfmo,LF
Scyliorhinus canicula,small spotted catshark,Scyliorhinidae,gillnet,trammel net,,,,,Atlantic,NE,Portugal,deep-sea,discard_unknown,0.033,count,2,researcher,2000,2000,sporadic,Coelho et al 2005,no mention of rfmo,LF
Scyliorhinus canicula,small spotted catshark,Scyliorhinidae,gillnet,trammel net,,,,,Atlantic,NE,Portugal,deep-sea,retained_unknown,0.967,count,59,researcher,2000,2000,sporadic,Coelho et al 2005,no mention of rfmo,LF
Raja clavata,thornback ray,Rajidae,gillnet,trammel net,,,,,Atlantic,NE,Portugal,deep-sea,discard_unknown,0.091,count,5,researcher,2000,2000,sporadic,Coelho et al 2005,no mention of rfmo,LF
Raja clavata,thornback ray,Rajidae,gillnet,trammel net,,,,,Atlantic,NE,Portugal,deep-sea,retained_unknown,0.909,count,50,researcher,2000,2000,sporadic,Coelho et al 2005,no mention of rfmo,LF
Raja asterias,mediterranean starry ray,Rajidae,gillnet,trammel net,,,,,Atlantic,NE,Portugal,deep-sea,discard_unknown,0.019,count,1,researcher,2000,2000,sporadic,Coelho et al 2005,no mention of rfmo,LF
Raja asterias,mediterranean starry ray,Rajidae,gillnet,trammel net,,,,,Atlantic,NE,Portugal,deep-sea,retained_unknown,0.981,count,52,researcher,2000,2000,sporadic,Coelho et al 2005,no mention of rfmo,LF
Raja brachyura,blonde ray,Rajidae,gillnet,trammel net,,,,,Atlantic,NE,Portugal,deep-sea,discard_unknown,0.06,count,3,researcher,2000,2000,sporadic,Coelho et al 2005,no mention of rfmo,LF
Raja brachyura,blonde ray,Rajidae,gillnet,trammel net,,,,,Atlantic,NE,Portugal,deep-sea,retained_unknown,0.94,count,47,researcher,2000,2000,sporadic,Coelho et al 2005,no mention of rfmo,LF
Torpedo marmorata,marbled electric ray,Torpedinidae,gillnet,trammel net,,,,,Atlantic,NE,Portugal,deep-sea,discard_unknown,0.03,count,1,researcher,2000,2000,sporadic,Coelho et al 2005,no mention of rfmo,LF
Torpedo marmorata,marbled electric ray,Torpedinidae,gillnet,trammel net,,,,,Atlantic,NE,Portugal,deep-sea,retained_unknown,0.97,count,32,researcher,2000,2000,sporadic,Coelho et al 2005,no mention of rfmo,LF
Torpedo torpedo,common torpedo,Torpedinidae,gillnet,trammel net,,,,,Atlantic,NE,Portugal,deep-sea,discard_unknown,0.03,count,1,researcher,2000,2000,sporadic,Coelho et al 2005,no mention of rfmo,LF
Torpedo torpedo,common torpedo,Torpedinidae,gillnet,trammel net,,,,,Atlantic,NE,Portugal,deep-sea,retained_unknown,0.97,count,32,researcher,2000,2000,sporadic,Coelho et al 2005,no mention of rfmo,LF
Raja miraletus,brown ray,Rajidae,gillnet,trammel net,,,,,Atlantic,NE,Portugal,deep-sea,discard_unknown,0.129,count,31,researcher,2000,2000,sporadic,Coelho et al 2005,no mention of rfmo,LF
Myliobatis aquila,common eagle ray,Myliobatidae,gillnet,trammel net,,,,,Atlantic,NE,Portugal,deep-sea,retained_unknown,1,count,1,researcher,2000,2000,sporadic,Coelho et al 2005,no mention of rfmo,LF
Prionace glauca,blue shark,Carcharhinidae,gillnet,trammel net,,,,,Atlantic,NE,Portugal,deep-sea,retained_unknown,1,count,3,researcher,2000,2000,sporadic,Coelho et al 2005,no mention of rfmo,LF
Dipturus oxyrinchus,longnosed skate,Rajidae,gillnet,trammel net,,,,,Atlantic,NE,Portugal,deep-sea,retained_unknown,1,count,3,researcher,2000,2000,sporadic,Coelho et al 2005,no mention of rfmo,LF
Isurus oxyrinchus,shortfin mako shark,Lamnidae,gillnet,trammel net,,,,,Atlantic,NE,Portugal,deep-sea,retained_unknown,1,count,2,researcher,2000,2000,sporadic,Coelho et al 2005,no mention of rfmo,LF
Torpedo nobiliana,great torpedo ray,Torpedinidae,gillnet,trammel net,,,,,Atlantic,NE,Portugal,deep-sea,retained_unknown,1,count,2,researcher,2000,2000,sporadic,Coelho et al 2005,no mention of rfmo,LF
Galeorhinus galeus,tope shark,Triakidae,gillnet,trammel net,,,,,Atlantic,NE,Portugal,deep-sea,retained_unknown,1,count,1,researcher,2000,2000,sporadic,Coelho et al 2005,no mention of rfmo,LF
Leucoraja naevus,cuckoo skate,Rajidae,gillnet,trammel net,,,,,Atlantic,NE,Portugal,deep-sea,retained_unknown,1,count,1,researcher,2000,2000,sporadic,Coelho et al 2005,no mention of rfmo,LF
Raja spp,skate,Rajidae,gillnet,trammel net,,,,,Atlantic,NE,Portugal,deep-sea,discard_unknown,1,count,1,researcher,2000,2000,sporadic,Coelho et al 2005,no mention of rfmo,LF
Isurus oxyrinchus,shortfin mako,Lamnidae,longline,,,,,South Africa,Atlantic,SE,South Africa,pelagic,retained_unknown,0.96,count,1473,logbook,2013,2015,annual,Jordaan et al 2020,no mention of rfmo,LF
Isurus oxyrinchus,shortfin mako,Lamnidae,longline,,,,,South Africa,Atlantic,SE,South Africa,pelagic,discard_dead,0.04,count,61,logbook,2013,2015,annual,Jordaan et al 2020,no mention of rfmo,LF
Prionace glauca,blue shark,Carcharhinidae,longline,,,,,South Africa,Atlantic,SE,South Africa,pelagic,discard_dead,0.42,count,1784,logbook,2013,2015,annual,Jordaan et al 2020,no mention of rfmo,LF
Prionace glauca,blue shark,Carcharhinidae,longline,,,,,South Africa,Atlantic,SE,South Africa,pelagic,discard_alive,0.26,count,1102,logbook,2013,2015,annual,Jordaan et al 2020,no mention of rfmo,LF
Prionace glauca,blue shark,Carcharhinidae,longline,,,,,South Africa,Atlantic,SE,South Africa,pelagic,retained_unknown,0.32,count,1358,logbook,2013,2015,annual,Jordaan et al 2020,no mention of rfmo,LF
Carcharhinus falciformis,silky shark,Carcharhinidae,longline,,,,,South Africa,Atlantic,SE,South Africa,pelagic,discard_dead,0.72,count,41,logbook,2013,2015,annual,Jordaan et al 2020,no mention of rfmo,LF
Carcharhinus falciformis,silky shark,Carcharhinidae,longline,,,,,South Africa,Atlantic,SE,South Africa,pelagic,discard_alive,0.28,count,16,logbook,2013,2015,annual,Jordaan et al 2020,no mention of rfmo,LF
Alopias spp,thresher sharks nei,Alopidae,longline,,,,,South Africa,Atlantic,SE,South Africa,pelagic,discard_dead,0.72,count,29,logbook,2013,2015,annual,Jordaan et al 2020,no mention of rfmo,LF
Alopias spp,thresher sharks nei,Alopidae,longline,,,,,South Africa,Atlantic,SE,South Africa,pelagic,discard_alive,0.28,count,10,logbook,2013,2015,annual,Jordaan et al 2020,no mention of rfmo,LF
Sphyrna spp,hammerhead sharks nei,Sphyrnidae,longline,,,,,South Africa,Atlantic,SE,South Africa,pelagic,discard_dead,0.32,count,6,logbook,2013,2015,annual,Jordaan et al 2020,no mention of rfmo,LF
Sphyrna spp,hammerhead sharks nei,Sphyrnidae,longline,,,,,South Africa,Atlantic,SE,South Africa,pelagic,discard_alive,0.67,count,13,logbook,2013,2015,annual,Jordaan et al 2020,no mention of rfmo,LF
Lamna nasus,porbeagle shark,Lamnidae,longline,,,,,South Africa,Atlantic,SE,South Africa,pelagic,discard_dead,0.54,count,7,logbook,2013,2015,annual,Jordaan et al 2020,no mention of rfmo,LF
Lamna nasus,porbeagle shark,Lamnidae,longline,,,,,South Africa,Atlantic,SE,South Africa,pelagic,discard_alive,0.46,count,6,logbook,2013,2015,annual,Jordaan et al 2020,no mention of rfmo,LF
Carcharhinus longimanus,oceanic whitetip shark,Carcharhinidae,longline,,,,,South Africa,Atlantic,SE,South Africa,pelagic,discard_dead,0.25,count,2,logbook,2013,2015,annual,Jordaan et al 2020,no mention of rfmo,LF
Carcharhinus longimanus,oceanic whitetip shark,Carcharhinidae,longline,,,,,South Africa,Atlantic,SE,South Africa,pelagic,discard_alive,0.75,count,6,logbook,2013,2015,annual,Jordaan et al 2020,no mention of rfmo,LF
Galeocerdo cuvier,tiger shark,Carcharhinidae,longline,,,,,South Africa,Atlantic,SE,South Africa,pelagic,discard_alive,1,count,1,logbook,2013,2015,annual,Jordaan et al 2020,no mention of rfmo,LF
Carcharhinus obscurus,dusky shark,Carcharhinidae,longline,,,,,South Africa,Atlantic,SE,South Africa,pelagic,discard_alive,1,count,1,logbook,2013,2015,annual,Jordaan et al 2020,no mention of rfmo,LF
Pseudocarcharias kamoharai,crocodile shark,Pseudocarchariidae,longline,,,,,South Africa,Atlantic,SE,South Africa,pelagic,discard_alive,0.9,count,10,logbook,2013,2015,annual,Jordaan et al 2020,no mention of rfmo,LF
Pseudocarcharias kamoharai,crocodile shark,Pseudocarchariidae,longline,,,,,South Africa,Atlantic,SE,South Africa,pelagic,discard_dead,0.1,count,1,logbook,2013,2015,annual,Jordaan et al 2020,no mention of rfmo,LF
Hexanchus griseus,bluntnose sixgill shark ,Hexanchidae,mixed,"trawls, nets",multispecies,,,"England,  Wales",Atlantic,NE,"Celtic Sea, North Sea ",deep-sea,discard_unknown,0.975,count,77,observer,2002,2016,sporadic,Silva & Ellis 2019,"Aggregated for English and Welsh commercial fisheries including four main gears: otter trawls, beam trawls, nephrops, and gillnets. Also includes disaggregated values for S. acanthias by year and geartype.",SO
Hexanchus griseus,bluntnose sixgill shark ,Hexanchidae,mixed,"trawls, nets",multispecies,,,"England,  Wales",Atlantic,NE,"Celtic Sea, North Sea ",deep-sea,retained_unknown,0.025,count,2,observer,2002,2016,sporadic,Silva & Ellis 2019,"Aggregated for English and Welsh commercial fisheries including four main gears: otter trawls, beam trawls, nephrops, and gillnets. Also includes disaggregated values for S. acanthias by year and geartype.",SO
Isurus oxyrinchus,shortfin mako,Lamnidae,mixed,"trawls, nets",multispecies,,,"England,  Wales",Atlantic,NE,"Celtic Sea, North Sea ",pelagic,discard_unknown,1,count,1,observer,2002,2016,sporadic,Silva & Ellis 2019,"Aggregated for English and Welsh commercial fisheries including four main gears: otter trawls, beam trawls, nephrops, and gillnets. Also includes disaggregated values for S. acanthias by year and geartype.",SO
Lamna nasus,porbeagle shark,Lamnidae,mixed,"trawls, nets",multispecies,,,"England,  Wales",Atlantic,NE,"Celtic Sea, North Sea ",pelagic,discard_unknown,0.747,count,74,observer,2002,2016,sporadic,Silva & Ellis 2019,"Aggregated for English and Welsh commercial fisheries including four main gears: otter trawls, beam trawls, nephrops, and gillnets. Also includes disaggregated values for S. acanthias by year and geartype.",SO
Lamna nasus,porbeagle shark,Lamnidae,mixed,"trawls, nets",multispecies,,,"England,  Wales",Atlantic,NE,"Celtic Sea, North Sea ",pelagic,retained_unknown,0.253,count,25,observer,2002,2016,sporadic,Silva & Ellis 2019,"Aggregated for English and Welsh commercial fisheries including four main gears: otter trawls, beam trawls, nephrops, and gillnets. Also includes disaggregated values for S. acanthias by year and geartype.",SO
Cetorhinus maximus,basking shark,Cetorhinidae,mixed,"trawls, nets",multispecies,,,"England,  Wales",Atlantic,NE,"Celtic Sea, North Sea ",pelagic,discard_unknown,1,count,2,observer,2002,2016,sporadic,Silva & Ellis 2019,"Aggregated for English and Welsh commercial fisheries including four main gears: otter trawls, beam trawls, nephrops, and gillnets. Also includes disaggregated values for S. acanthias by year and geartype.",SO
Alopias vulpinus,thresher shark,Alopidae,mixed,"trawls, nets",multispecies,,,"England,  Wales",Atlantic,NE,"Celtic Sea, North Sea ",pelagic,discard_unknown,1,count,1,observer,2002,2016,sporadic,Silva & Ellis 2019,"Aggregated for English and Welsh commercial fisheries including four main gears: otter trawls, beam trawls, nephrops, and gillnets. Also includes disaggregated values for S. acanthias by year and geartype.",SO
Galeus melastomus,blackmouth catshark,Scyliorhinidae,mixed,"trawls, nets",multispecies,,,"England,  Wales",Atlantic,NE,"Celtic Sea, North Sea ",deep-sea,discard_unknown,0.967,count,2195,observer,2002,2016,sporadic,Silva & Ellis 2019,"Aggregated for English and Welsh commercial fisheries including four main gears: otter trawls, beam trawls, nephrops, and gillnets. Also includes disaggregated values for S. acanthias by year and geartype.",SO
Galeus melastomus,blackmouth catshark,Scyliorhinidae,mixed,"trawls, nets",multispecies,,,"England,  Wales",Atlantic,NE,"Celtic Sea, North Sea ",deep-sea,retained_unknown,0.033,count,75,observer,2002,2016,sporadic,Silva & Ellis 2019,"Aggregated for English and Welsh commercial fisheries including four main gears: otter trawls, beam trawls, nephrops, and gillnets. Also includes disaggregated values for S. acanthias by year and geartype.",SO
Scyliorhinus canicula,small spotted catshark,Scyliorhinidae,mixed,"trawls, nets",multispecies,,,"England,  Wales",Atlantic,NE,"Celtic Sea, North Sea ",deep-sea,discard_unknown,0.837,count,598328,observer,2002,2016,sporadic,Silva & Ellis 2019,"Aggregated for English and Welsh commercial fisheries including four main gears: otter trawls, beam trawls, nephrops, and gillnets. Also includes disaggregated values for S. acanthias by year and geartype.",SO
Scyliorhinus canicula,small spotted catshark,Scyliorhinidae,mixed,"trawls, nets",multispecies,,,"England,  Wales",Atlantic,NE,"Celtic Sea, North Sea ",deep-sea,retained_unknown,0.163,count,116172,observer,2002,2016,sporadic,Silva & Ellis 2019,"Aggregated for English and Welsh commercial fisheries including four main gears: otter trawls, beam trawls, nephrops, and gillnets. Also includes disaggregated values for S. acanthias by year and geartype.",SO
Scyliorhinus stellaris,nursehound,Scyliorhinidae,mixed,"trawls, nets",multispecies,,,"England,  Wales",Atlantic,NE,"Celtic Sea, North Sea ",deep-sea,discard_unknown,0.82,count,1828,observer,2002,2016,sporadic,Silva & Ellis 2019,"Aggregated for English and Welsh commercial fisheries including four main gears: otter trawls, beam trawls, nephrops, and gillnets. Also includes disaggregated values for S. acanthias by year and geartype.",SO
Scyliorhinus stellaris,nursehound,Scyliorhinidae,mixed,"trawls, nets",multispecies,,,"England,  Wales",Atlantic,NE,"Celtic Sea, North Sea ",deep-sea,retained_unknown,0.18,count,401,observer,2002,2016,sporadic,Silva & Ellis 2019,"Aggregated for English and Welsh commercial fisheries including four main gears: otter trawls, beam trawls, nephrops, and gillnets. Also includes disaggregated values for S. acanthias by year and geartype.",SO
Galeorhinus galeus,school shark,Triakidae,mixed,"trawls, nets",multispecies,,,"England,  Wales",Atlantic,NE,"Celtic Sea, North Sea ",deep-sea,discard_unknown,0.6,count,590,observer,2002,2016,sporadic,Silva & Ellis 2019,"Aggregated for English and Welsh commercial fisheries including four main gears: otter trawls, beam trawls, nephrops, and gillnets. Also includes disaggregated values for S. acanthias by year and geartype.",SO
Galeorhinus galeus,school shark,Triakidae,mixed,"trawls, nets",multispecies,,,"England,  Wales",Atlantic,NE,"Celtic Sea, North Sea ",deep-sea,retained_unknown,0.4,count,408,observer,2002,2016,sporadic,Silva & Ellis 2019,"Aggregated for English and Welsh commercial fisheries including four main gears: otter trawls, beam trawls, nephrops, and gillnets. Also includes disaggregated values for S. acanthias by year and geartype.",SO
Mustelus asterias,starry smooth-hound,Triakidae,mixed,"trawls, nets",multispecies,,,"England,  Wales",Atlantic,NE,"Celtic Sea, North Sea ",deep-sea,discard_unknown,0.688,count,14150,observer,2002,2016,sporadic,Silva & Ellis 2019,"Aggregated for English and Welsh commercial fisheries including four main gears: otter trawls, beam trawls, nephrops, and gillnets. Also includes disaggregated values for S. acanthias by year and geartype.",SO
Mustelus asterias,starry smooth-hound,Triakidae,mixed,"trawls, nets",multispecies,,,"England,  Wales",Atlantic,NE,"Celtic Sea, North Sea ",deep-sea,retained_unknown,0.312,count,6418,observer,2002,2016,sporadic,Silva & Ellis 2019,"Aggregated for English and Welsh commercial fisheries including four main gears: otter trawls, beam trawls, nephrops, and gillnets. Also includes disaggregated values for S. acanthias by year and geartype.",SO
Prionace glauca,blue shark,Carcharhinidae,mixed,"trawls, nets",multispecies,,,"England,  Wales",Atlantic,NE,"Celtic Sea, North Sea ",pelagic,discard_unknown,0.293,count,44,observer,2002,2016,sporadic,Silva & Ellis 2019,"Aggregated for English and Welsh commercial fisheries including four main gears: otter trawls, beam trawls, nephrops, and gillnets. Also includes disaggregated values for S. acanthias by year and geartype.",SO
Prionace glauca,blue shark,Carcharhinidae,mixed,"trawls, nets",multispecies,,,"England,  Wales",Atlantic,NE,"Celtic Sea, North Sea ",pelagic,retained_unknown,0.707,count,106,observer,2002,2016,sporadic,Silva & Ellis 2019,"Aggregated for English and Welsh commercial fisheries including four main gears: otter trawls, beam trawls, nephrops, and gillnets. Also includes disaggregated values for S. acanthias by year and geartype.",SO
Etmopterus spinax,velvet belly lanternshark,Etmopteridae,mixed,"trawls, nets",multispecies,,,"England,  Wales",Atlantic,NE,"Celtic Sea, North Sea ",deep-sea,discard_unknown,1,count,306,observer,2002,2016,sporadic,Silva & Ellis 2019,"Aggregated for English and Welsh commercial fisheries including four main gears: otter trawls, beam trawls, nephrops, and gillnets. Also includes disaggregated values for S. acanthias by year and geartype.",SO
Squalus acanthias,spiny dogfish,Squalidae,mixed,"trawls, nets",multispecies,,,"England,  Wales",Atlantic,NE,"Celtic Sea, North Sea ",pelagic,discard_unknown,0.383,count,3458,observer,2002,2016,sporadic,Silva & Ellis 2019,"Aggregated for English and Welsh commercial fisheries including four main gears: otter trawls, beam trawls, nephrops, and gillnets. Also includes disaggregated values for S. acanthias by year and geartype.",SO
Squalus acanthias,spiny dogfish,Squalidae,mixed,"trawls, nets",multispecies,,,"England,  Wales",Atlantic,NE,"Celtic Sea, North Sea ",pelagic,retained_unknown,0.617,count,5564,observer,2002,2016,sporadic,Silva & Ellis 2019,"Aggregated for English and Welsh commercial fisheries including four main gears: otter trawls, beam trawls, nephrops, and gillnets. Also includes disaggregated values for S. acanthias by year and geartype.",SO
Centrophorus granulosus,gulper shark,Centrophoridae,trawler,otter trawl,multispecies,,,Greece,,,Aegean Sea,deep-sea,discard_unknown,0.995,count,194,researcher,1995,2000,tri-annual,Damalas & Vassilopoulou 2011,"Study occurred in the eastern Mediterranean; no sample size available for the individual study periods (1995-2000, 2002-2006) but there is an aggregate value of total individuals caught over both time periods. Data were aggregated for both time intervals that the study took place. Fate proportions were averaged between periods for the species with different proportions for each study period",SO
Dasyatis pastinaca,common stingray,Dasyatidae,trawler,otter trawl,multispecies,,,Greece,,,Aegean Sea,small coastal,discard_unknown,0.838,count,48,researcher,1995,2000,tri-annual,Damalas & Vassilopoulou 2011,"Study occurred in the eastern Mediterranean; no sample size available for the individual study periods (1995-2000, 2002-2006) but there is an aggregate value of total individuals caught over both time periods. Data were aggregated for both time intervals that the study took place. Fate proportions were averaged between periods for the species with different proportions for each study period",SO
Dipturus oxyrinchus,longnose skate,Rajidae,trawler,otter trawl,multispecies,,,Greece,,,Aegean Sea,deep-sea,discard_unknown,0.9375,count,1953,researcher,1995,2000,tri-annual,Damalas & Vassilopoulou 2011,"Study occurred in the eastern Mediterranean; no sample size available for the individual study periods (1995-2000, 2002-2006) but there is an aggregate value of total individuals caught over both time periods. Data were aggregated for both time intervals that the study took place. Fate proportions were averaged between periods for the species with different proportions for each study period",SO
Etmopterus spinax,velvet belly lanternshark,Etmopteridae,trawler,otter trawl,multispecies,,,Greece,,,Aegean Sea,deep-sea,discard_unknown,1,count,4606,researcher,1995,2000,tri-annual,Damalas & Vassilopoulou 2011,"Study occurred in the eastern Mediterranean; no sample size available for the individual study periods (1995-2000, 2002-2006) but there is an aggregate value of total individuals caught over both time periods. Data were aggregated for both time intervals that the study took place. Fate proportions were averaged between periods for the species with different proportions for each study period",SO
Galeorhinus galeus,school shark,Triakidae,trawler,otter trawl,multispecies,,,Greece,,,Aegean Sea,deep-sea,retained_unknown,1,count,7,researcher,1995,2000,tri-annual,Damalas & Vassilopoulou 2011,"Study occurred in the eastern Mediterranean; no sample size available for the individual study periods (1995-2000, 2002-2006) but there is an aggregate value of total individuals caught over both time periods. Data were aggregated for both time intervals that the study took place. Fate proportions were averaged between periods for the species with different proportions for each study period",SO
Galeus melastomus,blackmouth catshark,Scyliorhinidae,trawler,otter trawl,multispecies,,,Greece,,,Aegean Sea,deep-sea,discard_unknown,1,count,5169,researcher,1995,2000,tri-annual,Damalas & Vassilopoulou 2011,"Study occurred in the eastern Mediterranean; no sample size available for the individual study periods (1995-2000, 2002-2006) but there is an aggregate value of total individuals caught over both time periods. Data were aggregated for both time intervals that the study took place. Fate proportions were averaged between periods for the species with different proportions for each study period",SO
Heptranchias perlo,sharpnose seven gill shark,Hexanchidae,trawler,otter trawl,multispecies,,,Greece,,,Aegean Sea,deep-sea,discard_unknown,0.488,count,41,researcher,1995,2000,tri-annual,Damalas & Vassilopoulou 2011,"Study occurred in the eastern Mediterranean; no sample size available for the individual study periods (1995-2000, 2002-2006) but there is an aggregate value of total individuals caught over both time periods. Data were aggregated for both time intervals that the study took place. Fate proportions were averaged between periods for the species with different proportions for each study period",SO
Leucoraja circularis,sandy ray,Rajidae,trawler,otter trawl,multispecies,,,Greece,,,Aegean Sea,deep-sea,discard_unknown,0.938,count,65,researcher,1995,2000,tri-annual,Damalas & Vassilopoulou 2011,"Study occurred in the eastern Mediterranean; no sample size available for the individual study periods (1995-2000, 2002-2006) but there is an aggregate value of total individuals caught over both time periods. Data were aggregated for both time intervals that the study took place. Fate proportions were averaged between periods for the species with different proportions for each study period",SO
Leucoraja melitensis,maltese ray,Rajidae,trawler,otter trawl,multispecies,,,Greece,,,Aegean Sea,deep-sea,discard_unknown,1,count,151,researcher,1995,2000,tri-annual,Damalas & Vassilopoulou 2011,"Study occurred in the eastern Mediterranean; no sample size available for the individual study periods (1995-2000, 2002-2006) but there is an aggregate value of total individuals caught over both time periods. Data were aggregated for both time intervals that the study took place. Fate proportions were averaged between periods for the species with different proportions for each study period",SO
Leucoraja naevus,cuckoo ray,Rajidae,trawler,otter trawl,multispecies,,,Greece,,,Aegean Sea,deep-sea,discard_unknown,0.994,count,341,researcher,1995,2000,tri-annual,Damalas & Vassilopoulou 2011,"Study occurred in the eastern Mediterranean; no sample size available for the individual study periods (1995-2000, 2002-2006) but there is an aggregate value of total individuals caught over both time periods. Data were aggregated for both time intervals that the study took place. Fate proportions were averaged between periods for the species with different proportions for each study period",SO
Mustelus asterias,starry smooth-hound,Triakidae,trawler,otter trawl,multispecies,,,Greece,,,Aegean Sea,pelagic,retained_unknown,1,count,22,researcher,1995,2000,tri-annual,Damalas & Vassilopoulou 2011,"Study occurred in the eastern Mediterranean; no sample size available for the individual study periods (1995-2000, 2002-2006) but there is an aggregate value of total individuals caught over both time periods. Data were aggregated for both time intervals that the study took place. Fate proportions were averaged between periods for the species with different proportions for each study period",SO
Mustelus mustelus,common smooth-hound,Triakidae,trawler,otter trawl,multispecies,,,Greece,,,Aegean Sea,deep-sea,retained_unknown,1,count,21,researcher,1995,2000,tri-annual,Damalas & Vassilopoulou 2011,"Study occurred in the eastern Mediterranean; no sample size available for the individual study periods (1995-2000, 2002-2006) but there is an aggregate value of total individuals caught over both time periods. Data were aggregated for both time intervals that the study took place. Fate proportions were averaged between periods for the species with different proportions for each study period",SO
Myliobatis aquila,common eagle ray,Myliobatidae,trawler,otter trawl,multispecies,,,Greece,,,Aegean Sea,deep-sea,discard_unknown,1,count,33,researcher,1995,2000,tri-annual,Damalas & Vassilopoulou 2011,"Study occurred in the eastern Mediterranean; no sample size available for the individual study periods (1995-2000, 2002-2006) but there is an aggregate value of total individuals caught over both time periods. Data were aggregated for both time intervals that the study took place. Fate proportions were averaged between periods for the species with different proportions for each study period",SO
Rostroraja alba,white skate,Rajidae,trawler,otter trawl,multispecies,,,Greece,,,Aegean Sea,deep-sea,discard_unknown,0.714,count,14,researcher,1995,2000,tri-annual,Damalas & Vassilopoulou 2011,"Study occurred in the eastern Mediterranean; no sample size available for the individual study periods (1995-2000, 2002-2006) but there is an aggregate value of total individuals caught over both time periods. Data were aggregated for both time intervals that the study took place. Fate proportions were averaged between periods for the species with different proportions for each study period",SO
Raja asterias,mediterranean starry ray,Rajidae,trawler,otter trawl,multispecies,,,Greece,,,Aegean Sea,deep-sea,discard_unknown,0.969,count,434,researcher,1995,2000,tri-annual,Damalas & Vassilopoulou 2011,"Study occurred in the eastern Mediterranean; no sample size available for the individual study periods (1995-2000, 2002-2006) but there is an aggregate value of total individuals caught over both time periods. Data were aggregated for both time intervals that the study took place. Fate proportions were averaged between periods for the species with different proportions for each study period",SO
Raja brachyura,blonde ray,Rajidae,trawler,otter trawl,multispecies,,,Greece,,,Aegean Sea,deep-sea,discard_unknown,1,count,1,researcher,1995,2000,tri-annual,Damalas & Vassilopoulou 2011,"Study occurred in the eastern Mediterranean; no sample size available for the individual study periods (1995-2000, 2002-2006) but there is an aggregate value of total individuals caught over both time periods. Data were aggregated for both time intervals that the study took place. Fate proportions were averaged between periods for the species with different proportions for each study period",SO
Raja clavata,thornback ray,Rajidae,trawler,otter trawl,multispecies,,,Greece,,,Aegean Sea,deep-sea,discard_unknown,0.7265,count,3789,researcher,1995,2000,tri-annual,Damalas & Vassilopoulou 2011,"Study occurred in the eastern Mediterranean; no sample size available for the individual study periods (1995-2000, 2002-2006) but there is an aggregate value of total individuals caught over both time periods. Data were aggregated for both time intervals that the study took place. Fate proportions were averaged between periods for the species with different proportions for each study period",SO
Raja miraletus,brown ray,Rajidae,trawler,otter trawl,multispecies,,,Greece,,,Aegean Sea,deep-sea,discard_unknown,0.9925,count,590,researcher,1995,2000,tri-annual,Damalas & Vassilopoulou 2011,"Study occurred in the eastern Mediterranean; no sample size available for the individual study periods (1995-2000, 2002-2006) but there is an aggregate value of total individuals caught over both time periods. Data were aggregated for both time intervals that the study took place. Fate proportions were averaged between periods for the species with different proportions for each study period",SO
Raja montagui,spottted ray,Rajidae,trawler,otter trawl,multispecies,,,Greece,,,Aegean Sea,deep-sea,discard_unknown,0.983,count,245,researcher,1995,2000,tri-annual,Damalas & Vassilopoulou 2011,"Study occurred in the eastern Mediterranean; no sample size available for the individual study periods (1995-2000, 2002-2006) but there is an aggregate value of total individuals caught over both time periods. Data were aggregated for both time intervals that the study took place. Fate proportions were averaged between periods for the species with different proportions for each study period",SO
Raja polystigma,speckled ray,Rajidae,trawler,otter trawl,multispecies,,,Greece,,,Aegean Sea,deep-sea,discard_unknown,1,count,203,researcher,1995,2000,tri-annual,Damalas & Vassilopoulou 2011,"Study occurred in the eastern Mediterranean; no sample size available for the individual study periods (1995-2000, 2002-2006) but there is an aggregate value of total individuals caught over both time periods. Data were aggregated for both time intervals that the study took place. Fate proportions were averaged between periods for the species with different proportions for each study period",SO
Raja radula,rough ray,Rajidae,trawler,otter trawl,multispecies,,,Greece,,,Aegean Sea,small coastal,discard_unknown,1,count,35,researcher,1995,2000,tri-annual,Damalas & Vassilopoulou 2011,"Study occurred in the eastern Mediterranean; no sample size available for the individual study periods (1995-2000, 2002-2006) but there is an aggregate value of total individuals caught over both time periods. Data were aggregated for both time intervals that the study took place. Fate proportions were averaged between periods for the species with different proportions for each study period",SO
Scyliorhinus canicula,small spotted catshark,Scyliorhinidae,trawler,otter trawl,multispecies,,,Greece,,,Aegean Sea,deep-sea,discard_unknown,0.9655,count,26269,researcher,1995,2000,tri-annual,Damalas & Vassilopoulou 2011,"Study occurred in the eastern Mediterranean; no sample size available for the individual study periods (1995-2000, 2002-2006) but there is an aggregate value of total individuals caught over both time periods. Data were aggregated for both time intervals that the study took place. Fate proportions were averaged between periods for the species with different proportions for each study period",SO
Squalus acanthias,spiny dogfish,Squalidae,trawler,otter trawl,multispecies,,,Greece,,,Aegean Sea,pelagic,discard_unknown,1,count,71,researcher,1995,2000,tri-annual,Damalas & Vassilopoulou 2011,"Study occurred in the eastern Mediterranean; no sample size available for the individual study periods (1995-2000, 2002-2006) but there is an aggregate value of total individuals caught over both time periods. Data were aggregated for both time intervals that the study took place. Fate proportions were averaged between periods for the species with different proportions for each study period",SO
Squalus blainvillei,longnose spurdog,Squalidae,trawler,otter trawl,multispecies,,,Greece,,,Aegean Sea,deep-sea,discard_unknown,0.713,count,,researcher,1995,2000,tri-annual,Damalas & Vassilopoulou 2011,"Study occurred in the eastern Mediterranean; no sample size available for the individual study periods (1995-2000, 2002-2006) but there is an aggregate value of total individuals caught over both time periods. Data were aggregated for both time intervals that the study took place. Fate proportions were averaged between periods for the species with different proportions for each study period. For Squalus blainvillei, since discards were significantly different between the study periods and the sample size is aggregated, we kept the sample size out of this analysis and just include the fate proportion for both periods.",SO
Torpedo marmorata,marbled electric ray,Torpedinidae,trawler,otter trawl,multispecies,,,Greece,,,Aegean Sea,small coastal,discard_unknown,1,count,307,researcher,1995,2000,tri-annual,Damalas & Vassilopoulou 2011,"Study occurred in the eastern Mediterranean; no sample size available for the individual study periods (1995-2000, 2002-2006) but there is an aggregate value of total individuals caught over both time periods. Data were aggregated for both time intervals that the study took place. Fate proportions were averaged between periods for the species with different proportions for each study period",SO
Torpedo torpedo,ocellate torpedo ray,Torpedinidae,trawler,otter trawl,multispecies,,,Greece,,,Aegean Sea,small coastal,discard_unknown,1,count,29,researcher,1995,2000,tri-annual,Damalas & Vassilopoulou 2011,"Study occurred in the eastern Mediterranean; no sample size available for the individual study periods (1995-2000, 2002-2006) but there is an aggregate value of total individuals caught over both time periods. Data were aggregated for both time intervals that the study took place. Fate proportions were averaged between periods for the species with different proportions for each study period",SO
Squatina aculeata,sawback angelshark,Squatinidae,trawler,otter trawl,multispecies,,,Greece,,,Aegean Sea,small coastal,discard_unknown,0.33,count,3,researcher,1995,2000,tri-annual,Damalas & Vassilopoulou 2011,"Study occurred in the eastern Mediterranean; no sample size available for the individual study periods (1995-2000, 2002-2006) but there is an aggregate value of total individuals caught over both time periods. Data were aggregated for both time intervals that the study took place. Fate proportions were averaged between periods for the species with different proportions for each study period",SO
Squatina oculata,smoothback angelshark,Squatinidae,trawler,otter trawl,multispecies,,,Greece,,,Aegean Sea,small coastal,discard_unknown,1,count,1,researcher,1995,2000,tri-annual,Damalas & Vassilopoulou 2011,"Study occurred in the eastern Mediterranean; no sample size available for the individual study periods (1995-2000, 2002-2006) but there is an aggregate value of total individuals caught over both time periods. Data were aggregated for both time intervals that the study took place. Fate proportions were averaged between periods for the species with different proportions for each study period",SO
Squalus blainvillei,longnose spurdog,Squalidae,trawler,otter trawl,multispecies,,,Greece,,,Aegean Sea,deep-sea,retained_unknown,1,count,,researcher,2003,2006,tri-annual,Damalas & Vassilopoulou 2011,"Study occurred in the eastern Mediterranean; no sample size available for the individual study periods (1995-2000, 2002-2006) but there is an aggregate value of total individuals caught over both time periods. Data were aggregated for both time intervals that the study took place. Fate proportions were averaged between periods for the species with different proportions for each study period",SO
Prionace glauca,blue shark,Carcharhinidae,longline,,multispecies,"Thunnus sp, Xiphias gladius","swordfish, tuna",USA,Atlantic,NW,,pelagic,discard_alive,0.69,count,2960,observer,1992,2002,annual,Diaz & Serafy 2005,,LF
Prionace glauca,blue shark,Carcharhinidae,longline,,multispecies,"Thunnus sp, Xiphias gladius","swordfish, tuna",USA,Atlantic,NW,,pelagic,discard_dead,0.31,count,1330,observer,1992,2002,annual,Diaz & Serafy 2005,,LF
Prionace glauca,blue shark,Carcharhinidae,longline,,multispecies,Thunnus sp,tuna,Taiwan,Indian,,,pelagic,discard_unknown,0.5246,count,3536,observer,2004,2008,sporadic,Huang & Liu 2010,,SO
Alopias superciliosus,bigeye thresher shark,Alopidae,longline,,multispecies,Thunnus sp,tuna,Taiwan,Indian,,,pelagic,discard_unknown,0.6135,count,445,observer,2004,2008,sporadic,Huang & Liu 2010,,SO
Carcharodon carcharias,great white shark,Lamnidae,longline,,multispecies,Thunnus sp,tuna,Taiwan,Indian,,,pelagic,discard_unknown,0.6094,count,64,observer,2004,2008,sporadic,Huang & Liu 2010,,SO
Carcharhinus longimanus,oceanic whitetip shark,Carcharhinidae,longline,,multispecies,Thunnus sp,tuna,Taiwan,Indian,,,pelagic,discard_unknown,0.1948,count,77,observer,2004,2008,sporadic,Huang & Liu 2010,,SO
Isurus oxyrinchus,shortfin mako,Lamnidae,longline,,multispecies,Thunnus sp,tuna,Taiwan,Indian,,,pelagic,discard_unknown,0.1694,count,608,observer,2004,2008,sporadic,Huang & Liu 2010,,SO
Carcharhinus falciformis,silky shark,Carcharhinidae,longline,,multispecies,Thunnus sp,tuna,Taiwan,Indian,,,pelagic,discard_unknown,0.2238,count,1184,observer,2004,2008,sporadic,Huang & Liu 2010,,SO
Sphyrna zygaena,smooth hammerhead,Sphyrnidae,longline,,multispecies,Thunnus sp,tuna,Taiwan,Indian,,,pelagic,discard_unknown,0.4,count,5,observer,2004,2008,sporadic,Huang & Liu 2010,,SO
Alopias vulpinus,thresher shark,Alopidae,longline,,multispecies,Thunnus sp,tuna,Taiwan,Indian,,,pelagic,discard_unknown,0.3881,count,67,observer,2004,2008,sporadic,Huang & Liu 2010,,SO
Galeocerdo cuvier,tiger shark,Carcharhinidae,longline,,multispecies,Thunnus sp,tuna,Taiwan,Indian,,,pelagic,discard_unknown,0.2857,count,7,observer,2004,2008,sporadic,Huang & Liu 2010,,SO
Carcharhinus falciformis,silky shark,Carcharhinidae,longline,,single species,Xiphias gladius,swordfish,USA,Atlantic,NW,,pelagic,retained_unknown,0.3,count,434,observer,1992,2000,sporadic,Beerkircher et al. 2002,,SO
Carcharhinus falciformis,silky shark,Carcharhinidae,longline,,single species,Xiphias gladius,swordfish,USA,Atlantic,NW,,pelagic,discard_dead,0.441,count,638,observer,1992,2000,sporadic,Beerkircher et al. 2002,,SO
Carcharhinus falciformis,silky shark,Carcharhinidae,longline,,single species,Xiphias gladius,swordfish,USA,Atlantic,NW,,pelagic,discard_alive,0.259,count,374,observer,1992,2000,sporadic,Beerkircher et al. 2002,,SO
Carcharhinus obscurus,dusky shark,Carcharhinidae,longline,,single species,Xiphias gladius,swordfish,USA,Atlantic,NW,,pelagic,retained_unknown,0.246,count,167,observer,1992,2000,sporadic,Beerkircher et al. 2002,,SO
Carcharhinus obscurus,dusky shark,Carcharhinidae,longline,,single species,Xiphias gladius,swordfish,USA,Atlantic,NW,,pelagic,discard_dead,0.387,count,263,observer,1992,2000,sporadic,Beerkircher et al. 2002,,SO
Carcharhinus obscurus,dusky shark,Carcharhinidae,longline,,single species,Xiphias gladius,swordfish,USA,Atlantic,NW,,pelagic,discard_alive,0.367,count,249,observer,1992,2000,sporadic,Beerkircher et al. 2002,,SO
Carcharhinus signatus ,night shark,Carcharhinidae,longline,,single species,Xiphias gladius,swordfish,USA,Atlantic,NW,,pelagic,retained_unknown,0.26,count,149,observer,1992,2000,sporadic,Beerkircher et al. 2002,,SO
Carcharhinus signatus ,night shark,Carcharhinidae,longline,,single species,Xiphias gladius,swordfish,USA,Atlantic,NW,,pelagic,discard_dead,0.619,count,354,observer,1992,2000,sporadic,Beerkircher et al. 2002,,SO
Carcharhinus signatus ,night shark,Carcharhinidae,longline,,single species,Xiphias gladius,swordfish,USA,Atlantic,NW,,pelagic,discard_alive,0.121,count,69,observer,1992,2000,sporadic,Beerkircher et al. 2002,,SO
Prionace glauca,blue shark,Carcharhinidae,longline,,single species,Xiphias gladius,swordfish,USA,Atlantic,NW,,pelagic,retained_unknown,0.002,count,1,observer,1992,2000,sporadic,Beerkircher et al. 2002,,SO
Prionace glauca,blue shark,Carcharhinidae,longline,,single species,Xiphias gladius,swordfish,USA,Atlantic,NW,,pelagic,discard_dead,0.124,count,54,observer,1992,2000,sporadic,Beerkircher et al. 2002,,SO
Prionace glauca,blue shark,Carcharhinidae,longline,,single species,Xiphias gladius,swordfish,USA,Atlantic,NW,,pelagic,discard_alive,0.873,count,379,observer,1992,2000,sporadic,Beerkircher et al. 2002,,SO
Galeocerdo cuvier,tiger shark,Carcharhinidae,longline,,single species,Xiphias gladius,swordfish,USA,Atlantic,NW,,pelagic,retained_unknown,0.015,count,4,observer,1992,2000,sporadic,Beerkircher et al. 2002,,SO
Galeocerdo cuvier,tiger shark,Carcharhinidae,longline,,single species,Xiphias gladius,swordfish,USA,Atlantic,NW,,pelagic,discard_dead,0.046,count,12,observer,1992,2000,sporadic,Beerkircher et al. 2002,,SO
Galeocerdo cuvier,tiger shark,Carcharhinidae,longline,,single species,Xiphias gladius,swordfish,USA,Atlantic,NW,,pelagic,discard_alive,0.939,count,247,observer,1992,2000,sporadic,Beerkircher et al. 2002,,SO
Sphyrna lewini,scalloped hammerhead,Sphyrnidae,longline,,single species,Xiphias gladius,swordfish,USA,Atlantic,NW,,pelagic,retained_unknown,0.141,count,28,observer,1992,2000,sporadic,Beerkircher et al. 2002,,SO
Sphyrna lewini,scalloped hammerhead,Sphyrnidae,longline,,single species,Xiphias gladius,swordfish,USA,Atlantic,NW,,pelagic,discard_dead,0.518,count,104,observer,1992,2000,sporadic,Beerkircher et al. 2002,,SO
Sphyrna lewini,scalloped hammerhead,Sphyrnidae,longline,,single species,Xiphias gladius,swordfish,USA,Atlantic,NW,,pelagic,discard_alive,0.342,count,68,observer,1992,2000,sporadic,Beerkircher et al. 2002,,SO
Carcharhinus longimanus,oceanic whitetip shark,Carcharhinidae,longline,,single species,Xiphias gladius,swordfish,USA,Atlantic,NW,,pelagic,retained_unknown,0.244,count,32,observer,1992,2000,sporadic,Beerkircher et al. 2002,,SO
Carcharhinus longimanus,oceanic whitetip shark,Carcharhinidae,longline,,single species,Xiphias gladius,swordfish,USA,Atlantic,NW,,pelagic,discard_dead,0.145,count,19,observer,1992,2000,sporadic,Beerkircher et al. 2002,,SO
Carcharhinus longimanus,oceanic whitetip shark,Carcharhinidae,longline,,single species,Xiphias gladius,swordfish,USA,Atlantic,NW,,pelagic,discard_alive,0.611,count,80,observer,1992,2000,sporadic,Beerkircher et al. 2002,,SO
Carcharhinus plumbeus,sandbar shark,Carcharhinidae,longline,,single species,Xiphias gladius,swordfish,USA,Atlantic,NW,,pelagic,retained_unknown,0.232,count,26,observer,1992,2000,sporadic,Beerkircher et al. 2002,,SO
Carcharhinus plumbeus,sandbar shark,Carcharhinidae,longline,,single species,Xiphias gladius,swordfish,USA,Atlantic,NW,,pelagic,discard_dead,0.196,count,22,observer,1992,2000,sporadic,Beerkircher et al. 2002,,SO
Carcharhinus plumbeus,sandbar shark,Carcharhinidae,longline,,single species,Xiphias gladius,swordfish,USA,Atlantic,NW,,pelagic,discard_alive,0.571,count,64,observer,1992,2000,sporadic,Beerkircher et al. 2002,,SO
Alopias superciliosus,bigeye thresher shark,Alopidae,longline,,single species,Xiphias gladius,swordfish,USA,Atlantic,NW,,pelagic,retained_unknown,0.159,count,13,observer,1992,2000,sporadic,Beerkircher et al. 2002,,SO
Alopias superciliosus,bigeye thresher shark,Alopidae,longline,,single species,Xiphias gladius,swordfish,USA,Atlantic,NW,,pelagic,discard_dead,0.439,count,36,observer,1992,2000,sporadic,Beerkircher et al. 2002,,SO
Alopias superciliosus,bigeye thresher shark,Alopidae,longline,,single species,Xiphias gladius,swordfish,USA,Atlantic,NW,,pelagic,discard_alive,0.402,count,33,observer,1992,2000,sporadic,Beerkircher et al. 2002,,SO
Isurus oxyrinchus,shortfin mako,Lamnidae,longline,,single species,Xiphias gladius,swordfish,USA,Atlantic,NW,,pelagic,retained_unknown,0.724,count,58,observer,1992,2000,sporadic,Beerkircher et al. 2002,,SO
Isurus oxyrinchus,shortfin mako,Lamnidae,longline,,single species,Xiphias gladius,swordfish,USA,Atlantic,NW,,pelagic,discard_dead,0,count,0,observer,1992,2000,sporadic,Beerkircher et al. 2002,,SO
Isurus oxyrinchus,shortfin mako,Lamnidae,longline,,single species,Xiphias gladius,swordfish,USA,Atlantic,NW,,pelagic,discard_alive,0.276,count,22,observer,1992,2000,sporadic,Beerkircher et al. 2002,,SO
Sphyrna mokarran,great hammerhead shark,Sphyrnidae,longline,J and circle hooks,single species,,shark,USA,Atlantic,E,,large coastal,retained_whole,0.265,count,104,observer,1994,2003,sporadic,Morgan et al. 2009,,ND
Sphyrna mokarran,great hammerhead shark,Sphyrnidae,longline,J and circle hooks,single species,,shark,USA,Atlantic,E,,large coastal,discard_dead,0.623,count,245,observer,1994,2003,sporadic,Morgan et al. 2009,,ND
Sphyrna lewini,scalloped hammerhead shark,Sphyrnidae,longline,J and circle hooks,single species,,shark,USA,Atlantic,E,,large coastal,retained_whole,0.326,count,272,observer,1994,2003,sporadic,Morgan et al. 2009,,ND
Sphyrna lewini,scalloped hammerhead shark,Sphyrnidae,longline,J and circle hooks,single species,,shark,USA,Atlantic,E,,large coastal,discard_dead,0.553,count,553,observer,1994,2003,sporadic,Morgan et al. 2009,,ND
Sphyrna lewini,scalloped hammerhead shark,Sphyrnidae,longline,J and circle hooks,single species,,shark,USA,Atlantic,E,,large coastal,discard_alive,0.008,count,7,observer,1994,2003,sporadic,Morgan et al. 2009,,ND
Carcharhinus plumbeus,sandbar shark,Carcharhinidae,longline,J and circle hooks,single species,,shark,USA,Atlantic,E,,large coastal,retained_whole,0.945,count,17670,observer,1994,2003,sporadic,Morgan et al. 2009,,ND
Carcharhinus plumbeus,sandbar shark,Carcharhinidae,longline,J and circle hooks,single species,,shark,USA,Atlantic,E,,large coastal,discard_dead,0.007,count,131,observer,1994,2003,sporadic,Morgan et al. 2009,,ND
Carcharhinus plumbeus,sandbar shark,Carcharhinidae,longline,J and circle hooks,single species,,shark,USA,Atlantic,E,,large coastal,discard_alive,0.018,count,337,observer,1994,2003,sporadic,Morgan et al. 2009,,ND
Carcharhinus limbatus,blacktip shark,Carcharhinidae,longline,J and circle hooks,single species,,shark,USA,Atlantic,E,,large coastal,retained_whole,0.968,count,4865,observer,1994,2003,sporadic,Morgan et al. 2009,,ND
Carcharhinus limbatus,blacktip shark,Carcharhinidae,longline,J and circle hooks,single species,,shark,USA,Atlantic,E,,large coastal,discard_dead,0.014,count,70,observer,1994,2003,sporadic,Morgan et al. 2009,,ND
Carcharhinus limbatus,blacktip shark,Carcharhinidae,longline,J and circle hooks,single species,,shark,USA,Atlantic,E,,large coastal,discard_alive,0.001,count,5,observer,1994,2003,sporadic,Morgan et al. 2009,,ND
Carcharhinus leucas,bull shark,Carcharhinidae,longline,J and circle hooks,single species,,shark,USA,Atlantic,E,,large coastal,retained_whole,0.946,count,642,observer,1994,2003,sporadic,Morgan et al. 2009,,ND
Carcharhinus leucas,bull shark,Carcharhinidae,longline,J and circle hooks,single species,,shark,USA,Atlantic,E,,large coastal,discard_dead,0.009,count,6,observer,1994,2003,sporadic,Morgan et al. 2009,,ND
Carcharhinus leucas,bull shark,Carcharhinidae,longline,J and circle hooks,single species,,shark,USA,Atlantic,E,,large coastal,discard_alive,0.012,count,8,observer,1994,2003,sporadic,Morgan et al. 2009,,ND
Galeocerdo cuvier,tiger shark,Carcharhinidae,longline,J and circle hooks,single species,,shark,USA,Atlantic,E,,large coastal,retained_whole,0.139,count,779,observer,1994,2003,sporadic,Morgan et al. 2009,,ND
Galeocerdo cuvier,tiger shark,Carcharhinidae,longline,J and circle hooks,single species,,shark,USA,Atlantic,E,,large coastal,discard_dead,0.052,count,292,observer,1994,2003,sporadic,Morgan et al. 2009,,ND
Galeocerdo cuvier,tiger shark,Carcharhinidae,longline,J and circle hooks,single species,,shark,USA,Atlantic,E,,large coastal,discard_alive,0.428,count,2400,observer,1994,2003,sporadic,Morgan et al. 2009,,ND
Carcharhinus acronotus,blacknose shark,Carcharhinidae,longline,J and circle hooks,single species,,shark,USA,Atlantic,E,,small coastal,retained_whole,0.622,count,1472,observer,1994,2003,sporadic,Morgan et al. 2009,,ND
Carcharhinus acronotus,blacknose shark,Carcharhinidae,longline,J and circle hooks,single species,,shark,USA,Atlantic,E,,small coastal,discard_dead,0.141,count,334,observer,1994,2003,sporadic,Morgan et al. 2009,,ND
Carcharhinus acronotus,blacknose shark,Carcharhinidae,longline,J and circle hooks,single species,,shark,USA,Atlantic,E,,small coastal,discard_alive,0.027,count,64,observer,1994,2003,sporadic,Morgan et al. 2009,,ND
Carcharhinus falciformis,silky shark,Carcharhinidae,longline,,multispecies,"Xiphias gladius, Thunnini",swordfish and tuna,USA,Atlantic,NW,,large coastal,retained_whole,0.41,count,374,observer,1992,1997,sporadic,Beerkircher et al. 2008,,ND
Carcharhinus falciformis,silky shark,Carcharhinidae,longline,,multispecies,,,USA,Atlantic,NW,,large coastal,discard_dead,0.401,count,365,observer,1992,1997,sporadic,Beerkircher et al. 2008,,ND
Carcharhinus falciformis,silky shark,Carcharhinidae,longline,,multispecies,,,USA,Atlantic,NW,,large coastal,discard_alive,0.189,count,172,observer,1992,1997,sporadic,Beerkircher et al. 2008,,ND
Prionace glauca,blue shark,Carcharhinidae,longline,,multispecies,,,USA,Atlantic,NW,,pelagic,retained_whole,0.005,count,1,observer,1992,1997,sporadic,Beerkircher et al. 2008,,ND
Prionace glauca,blue shark,Carcharhinidae,longline,,multispecies,,,USA,Atlantic,NW,,pelagic,discard_dead,0.183,count,43,observer,1992,1997,sporadic,Beerkircher et al. 2008,,ND
Prionace glauca,blue shark,Carcharhinidae,longline,,multispecies,,,USA,Atlantic,NW,,pelagic,discard_alive,0.812,count,192,observer,1992,1997,sporadic,Beerkircher et al. 2008,,ND
Carcharhinus signatus,night shark,Carcharhinidae,longline,,multispecies,,,USA,Atlantic,NW,,large coastal,retained_whole,0.329,count,40,observer,1992,1997,sporadic,Beerkircher et al. 2008,,ND
Carcharhinus signatus,night shark,Carcharhinidae,longline,,multispecies,,,USA,Atlantic,NW,,large coastal,discard_dead,0.375,count,46,observer,1992,1997,sporadic,Beerkircher et al. 2008,,ND
Carcharhinus signatus,night shark,Carcharhinidae,longline,,multispecies,,,USA,Atlantic,NW,,large coastal,discard_alive,0.296,count,36,observer,1992,1997,sporadic,Beerkircher et al. 2008,,ND
Carcharhinus longimanus,oceanic whitetip shark,Carcharhinidae,longline,,multispecies,,,USA,Atlantic,NW,,pelagic,retained_whole,0.245,count,23,observer,1992,1997,sporadic,Beerkircher et al. 2008,,ND
Carcharhinus longimanus,oceanic whitetip shark,Carcharhinidae,longline,,multispecies,,,USA,Atlantic,NW,,pelagic,discard_dead,0.165,count,15,observer,1992,1997,sporadic,Beerkircher et al. 2008,,ND
Carcharhinus longimanus,oceanic whitetip shark,Carcharhinidae,longline,,multispecies,,,USA,Atlantic,NW,,pelagic,discard_alive,0.59,count,55,observer,1992,1997,sporadic,Beerkircher et al. 2008,,ND
Alopias superciliosus,bigeye thresher shark,Alopidae,longline,,multispecies,,,USA,Atlantic,NW,,pelagic,retained_whole,0.087,count,5,observer,1992,1997,sporadic,Beerkircher et al. 2008,,ND
Alopias superciliosus,bigeye thresher shark,Alopidae,longline,,multispecies,,,USA,Atlantic,NW,,pelagic,discard_dead,0.483,count,28,observer,1992,1997,sporadic,Beerkircher et al. 2008,,ND
Alopias superciliosus,bigeye thresher shark,Alopidae,longline,,multispecies,,,USA,Atlantic,NW,,pelagic,discard_alive,0.43,count,25,observer,1992,1997,sporadic,Beerkircher et al. 2008,,ND
Isurus oxyrinchus,shortfin mako,Lamnidae,longline,,multispecies,,,USA,Atlantic,NW,,pelagic,retained_whole,0.592,count,33,observer,1992,1997,sporadic,Beerkircher et al. 2008,,ND
Isurus oxyrinchus,shortfin mako,Lamnidae,longline,,multispecies,,,USA,Atlantic,NW,,pelagic,discard_dead,0.204,count,11,observer,1992,1997,sporadic,Beerkircher et al. 2008,,ND
Isurus oxyrinchus,shortfin mako,Lamnidae,longline,,multispecies,,,USA,Atlantic,NW,,pelagic,discard_alive,0.204,count,11,observer,1992,1997,sporadic,Beerkircher et al. 2008,,ND
Carcharhinus obscurus,dusky shark,Carcharhinidae,longline,,multispecies,,,USA,Atlantic,NW,,large coastal,retained_whole,0.276,count,119,observer,1992,1997,sporadic,Beerkircher et al. 2008,,ND
Carcharhinus obscurus,dusky shark,Carcharhinidae,longline,,multispecies,,,USA,Atlantic,NW,,large coastal,discard_dead,0.371,count,160,observer,1992,1997,sporadic,Beerkircher et al. 2008,,ND
Carcharhinus obscurus,dusky shark,Carcharhinidae,longline,,multispecies,,,USA,Atlantic,NW,,large coastal,discard_alive,0.353,count,152,observer,1992,1997,sporadic,Beerkircher et al. 2008,,ND
Galeocerdo cuvier,tiger shark,Carcharhinidae,longline,,multispecies,,,USA,Atlantic,NW,,large coastal,retained_whole,0.033,count,5,observer,1992,1997,sporadic,Beerkircher et al. 2008,,ND
Galeocerdo cuvier,tiger shark,Carcharhinidae,longline,,multispecies,,,USA,Atlantic,NW,,large coastal,discard_dead,0.063,count,10,observer,1992,1997,sporadic,Beerkircher et al. 2008,,ND
Galeocerdo cuvier,tiger shark,Carcharhinidae,longline,,multispecies,,,USA,Atlantic,NW,,large coastal,discard_alive,0.904,count,141,observer,1992,1997,sporadic,Beerkircher et al. 2008,,ND
Sphyrna lewini,scalloped hammerhead,Sphyrnidae,longline,,multispecies,,,USA,Atlantic,NW,,large coastal,retained_whole,0.153,count,23,observer,1992,1997,sporadic,Beerkircher et al. 2008,,ND
Sphyrna lewini,scalloped hammerhead,Sphyrnidae,longline,,multispecies,,,USA,Atlantic,NW,,large coastal,discard_dead,0.504,count,76,observer,1992,1997,sporadic,Beerkircher et al. 2008,,ND
Sphyrna lewini,scalloped hammerhead,Sphyrnidae,longline,,multispecies,,,USA,Atlantic,NW,,large coastal,discard_alive,0.343,count,51,observer,1992,1997,sporadic,Beerkircher et al. 2008,,ND
Carcharhinus plumbeus,sandbar shark,Carcharhinidae,longline,,multispecies,,,USA,Atlantic,NW,,large coastal,retained_whole,0.355,count,29,observer,1992,1997,sporadic,Beerkircher et al. 2008,,ND
Carcharhinus plumbeus,sandbar shark,Carcharhinidae,longline,,multispecies,,,USA,Atlantic,NW,,large coastal,discard_dead,0.23,count,19,observer,1992,1997,sporadic,Beerkircher et al. 2008,,ND
Carcharhinus plumbeus,sandbar shark,Carcharhinidae,longline,,multispecies,,,USA,Atlantic,NW,,large coastal,discard_alive,0.415,count,34,observer,1992,1997,sporadic,Beerkircher et al. 2008,,ND